Peptide,-10lgP,Mass,Length,ppm,m/z,RT,Area desalt,Fraction,Scan,Source File,#Spec,#Spec desalt,Accession,PTM,AScore
QLGFAGLCL,26.93,920.4789,9,-2.1,921.4843,60.21,8.90E+04,1,22179,20200314_Lum1_OBJ0039764_03_NEO223_desalt_500fmol.raw,1,1,#DECOY#sp|P31316|GSX2_MOUSE,,
LGDLRLTL,27.9,899.544,8,2.8,450.7805,42.92,7.26E+06,1,15742,20200314_Lum1_OBJ0039764_03_NEO223_desalt_500fmol.raw,3,3,#DECOY#sp|P48678|LMNA_MOUSE,,
FNLSKVVRT,26.39,1062.6185,9,1.6,532.3174,27.5,2.06E+05,1,10040,20200314_Lum1_OBJ0039764_03_NEO223_desalt_500fmol.raw,1,1,#DECOY#sp|Q6IFT4|RHG20_MOUSE,,
LSIAWQAL,26.41,900.5069,8,2.2,901.5162,56.34,7.39E+03,1,20738,20200314_Lum1_OBJ0039764_03_NEO223_desalt_500fmol.raw,1,1,#DECOY#sp|Q8BWP5|TTPA_MOUSE,,
LSKVVGI,27.55,714.4639,7,1.7,358.2398,32.46,5.40E+04,1,11858,20200314_Lum1_OBJ0039764_03_NEO223_desalt_500fmol.raw,1,1,#DECOY#sp|Q8BWU8|AT2L1_MOUSE,,
LSKVVGL,27.55,714.4639,7,1.7,358.2398,32.46,5.40E+04,1,11858,20200314_Lum1_OBJ0039764_03_NEO223_desalt_500fmol.raw,1,1,#DECOY#sp|Q8C6P8|ZFP57_MOUSE:sp|Q9DC40|TELO2_MOUSE,,
MAPIDHTTM,41.17,1015.4467,9,1,1016.455,26.77,8.88E+07,1,9775,20200314_Lum1_OBJ0039764_03_NEO223_desalt_500fmol.raw,4,4,NEO_Aatf,,
APIDHTTM,36.25,884.4062,8,2.9,443.2116,21.82,1.21E+04,1,7947,20200314_Lum1_OBJ0039764_03_NEO223_desalt_500fmol.raw,1,1,NEO_Aatf,,
PIDHTTM,33.78,813.3691,7,1.6,814.3776,26.74,9.65E+05,1,9765,20200314_Lum1_OBJ0039764_03_NEO223_desalt_500fmol.raw,2,2,NEO_Aatf,,
MAPIDHTTM(+15.99),33.72,1031.4417,9,1.9,516.7291,23.62,6.27E+06,1,8609,20200314_Lum1_OBJ0039764_03_NEO223_desalt_500fmol.raw,4,4,NEO_Aatf,Oxidation (M),M9:Oxidation (M):120.85
M(+15.99)APIDHTTM,31.46,1031.4417,9,0.9,516.7286,24.64,4.89E+06,1,8989,20200314_Lum1_OBJ0039764_03_NEO223_desalt_500fmol.raw,1,1,NEO_Aatf,Oxidation (M),M1:Oxidation (M):0.00
PIDHTTM(+15.99),29.28,829.364,7,1.7,415.69,21.88,1.29E+04,1,7968,20200314_Lum1_OBJ0039764_03_NEO223_desalt_500fmol.raw,1,1,NEO_Aatf,Oxidation (M),M7:Oxidation (M):1000.00
ASMTNMELM,30.73,1026.4185,9,1.6,514.2173,41.4,3.09E+06,1,15174,20200314_Lum1_OBJ0039764_03_NEO223_desalt_500fmol.raw,2,2,NEO_Adpgk,,
ASM(+15.99)TNMELM,28.81,1042.4133,9,2.2,522.2151,34.34,2.63E+05,1,12560,20200314_Lum1_OBJ0039764_03_NEO223_desalt_500fmol.raw,1,1,NEO_Adpgk,Oxidation (M),M3:Oxidation (M):38.16
IVGHFYGGL,42.66,961.5021,9,1.8,481.7592,34.82,9.88E+07,1,12743,20200314_Lum1_OBJ0039764_03_NEO223_desalt_500fmol.raw,3,3,NEO_Aoc2,,
VGHFYGGL,32.21,848.4181,8,1.1,849.4263,34.93,1.43E+05,1,12778,20200314_Lum1_OBJ0039764_03_NEO223_desalt_500fmol.raw,3,3,NEO_Aoc2,,
GHFYGGL,31.96,749.3497,7,1,750.3577,34.91,1.68E+05,1,12774,20200314_Lum1_OBJ0039764_03_NEO223_desalt_500fmol.raw,1,1,NEO_Aoc2,,
IVGHFYG,26.39,791.3966,7,2.7,396.7066,26.23,3.11E+03,1,9574,20200314_Lum1_OBJ0039764_03_NEO223_desalt_500fmol.raw,1,1,NEO_Aoc2,,
VVFDSVQRI,40.64,1061.5869,9,2,1062.5963,34.49,9.71E+07,1,12619,20200314_Lum1_OBJ0039764_03_NEO223_desalt_500fmol.raw,5,5,NEO_Apeh,,
VFDSVQRI,31.29,962.5185,8,1.6,482.2673,34.69,1.20E+05,1,12696,20200314_Lum1_OBJ0039764_03_NEO223_desalt_500fmol.raw,1,1,NEO_Apeh,,
FDSVQRI,28.74,863.4501,7,1.3,864.4585,34.47,6.69E+05,1,12611,20200314_Lum1_OBJ0039764_03_NEO223_desalt_500fmol.raw,1,1,NEO_Apeh,,
LSLVRTMAV,40.52,988.5739,9,1.5,495.295,36.75,5.78E+07,1,13435,20200314_Lum1_OBJ0039764_03_NEO223_desalt_500fmol.raw,4,4,NEO_Aqr,,
LSLVRTM(+15.99)AV,34.8,1004.5688,9,2.6,503.293,29.98,2.74E+06,1,10948,20200314_Lum1_OBJ0039764_03_NEO223_desalt_500fmol.raw,2,2,NEO_Aqr,Oxidation (M),M7:Oxidation (M):1000.00
SLVRTMAV,33.55,875.4899,8,1.9,438.753,29.02,2.14E+04,1,10584,20200314_Lum1_OBJ0039764_03_NEO223_desalt_500fmol.raw,1,1,NEO_Aqr,,
LVRTMAV,29.93,788.4578,7,1.4,395.2368,43.49,1.56E+04,1,15955,20200314_Lum1_OBJ0039764_03_NEO223_desalt_500fmol.raw,1,1,NEO_Aqr,,
MSTQNLATV,30.15,963.4695,9,0.5,482.7423,31.46,5.29E+07,1,11490,20200314_Lum1_OBJ0039764_03_NEO223_desalt_500fmol.raw,2,2,NEO_Arhgap24,,
M(+15.99)STQNLATV,30.07,979.4645,9,1.9,490.7404,27.23,2.79E+06,1,9936,20200314_Lum1_OBJ0039764_03_NEO223_desalt_500fmol.raw,3,3,NEO_Arhgap24,Oxidation (M),M1:Oxidation (M):1000.00
VIYSECLRV,41.63,1080.5637,9,1.1,1081.5721,36.98,6.24E+06,1,13521,20200314_Lum1_OBJ0039764_03_NEO223_desalt_500fmol.raw,2,2,NEO_Atm,,
YSECLRV,29.88,868.4113,7,1.7,869.42,36.99,2.43E+04,1,13522,20200314_Lum1_OBJ0039764_03_NEO223_desalt_500fmol.raw,1,1,NEO_Atm,,
DAYSHHSGF,39.41,1019.4097,9,3.4,510.7138,19.2,8.91E+05,1,6986,20200314_Lum1_OBJ0039764_03_NEO223_desalt_500fmol.raw,4,4,NEO_Cav2,,
YSHHSGF,33.15,833.3456,7,1.7,417.6808,18.86,7.33E+03,1,6860,20200314_Lum1_OBJ0039764_03_NEO223_desalt_500fmol.raw,1,1,NEO_Cav2,,
TATRNDFTL,39.85,1037.5142,9,1.6,1038.5231,28.79,1.17E+07,1,10500,20200314_Lum1_OBJ0039764_03_NEO223_desalt_500fmol.raw,6,6,NEO_Ccdc171,,
ATRNDFTL,36.69,936.4665,8,2.3,469.2416,28.35,7.18E+05,1,10336,20200314_Lum1_OBJ0039764_03_NEO223_desalt_500fmol.raw,1,1,NEO_Ccdc171,,
ASFHAAFL,30.78,862.4337,8,1.5,863.4423,37.11,1.03E+08,1,13569,20200314_Lum1_OBJ0039764_03_NEO223_desalt_500fmol.raw,5,5,NEO_Ccr10,,
LAPYFLSEPL,32.28,1148.6117,10,0.8,575.3136,59.01,2.62E+07,1,21727,20200314_Lum1_OBJ0039764_03_NEO223_desalt_500fmol.raw,2,2,NEO_Cdon,,
PYFLSEPL,27.62,964.4905,8,1.4,483.2532,58.32,1.38E+05,1,21471,20200314_Lum1_OBJ0039764_03_NEO223_desalt_500fmol.raw,2,2,NEO_Cdon,,
KIHQNLEEM,40.56,1140.5597,9,0.6,1141.5676,20.62,8.98E+07,1,7508,20200314_Lum1_OBJ0039764_03_NEO223_desalt_500fmol.raw,10,10,NEO_Cenpe,,
KIHQNLEEM(+15.99),31.98,1156.5547,9,3.5,579.2866,17.42,2.38E+06,1,6355,20200314_Lum1_OBJ0039764_03_NEO223_desalt_500fmol.raw,4,4,NEO_Cenpe,Oxidation (M),M9:Oxidation (M):1000.00
IHQNLEEM,30.95,1012.4648,8,0.8,507.2401,24.39,1.00E+05,1,8899,20200314_Lum1_OBJ0039764_03_NEO223_desalt_500fmol.raw,1,1,NEO_Cenpe,,
VSPVNDLDV,32.63,956.4814,9,2.1,479.249,37.73,2.78E+06,1,13791,20200314_Lum1_OBJ0039764_03_NEO223_desalt_500fmol.raw,3,3,NEO_Chmp7,,
PMTKNTQYI,43.76,1094.543,9,2.2,1095.5526,24.42,1.68E+08,1,8911,20200314_Lum1_OBJ0039764_03_NEO223_desalt_500fmol.raw,3,3,NEO_Ckap2l,,
PM(+15.99)TKNTQYI,32.94,1110.538,9,1.4,556.277,22.82,8.84E+06,1,8313,20200314_Lum1_OBJ0039764_03_NEO223_desalt_500fmol.raw,3,3,NEO_Ckap2l,Oxidation (M),M2:Oxidation (M):1000.00
MTKNTQYI,30.13,997.4903,8,0.6,499.7527,24.74,1.13E+05,1,9022,20200314_Lum1_OBJ0039764_03_NEO223_desalt_500fmol.raw,2,2,NEO_Ckap2l,,
LALTDLQYI,28.92,1048.5804,9,0.6,525.2978,57.48,8.57E+07,1,21156,20200314_Lum1_OBJ0039764_03_NEO223_desalt_500fmol.raw,1,1,NEO_Cnnm4,,
MSYFLQGTL,38.02,1058.5106,9,4.2,530.2648,52.79,8.26E+07,1,19409,20200314_Lum1_OBJ0039764_03_NEO223_desalt_500fmol.raw,9,9,NEO_Copb2,,
M(+15.99)SYFLQGTL,36.82,1074.5056,9,1.6,1075.5146,48.06,7.92E+06,1,17647,20200314_Lum1_OBJ0039764_03_NEO223_desalt_500fmol.raw,8,8,NEO_Copb2,Oxidation (M),M1:Oxidation (M):1000.00
SYFLQGTL,27.61,927.4702,8,2.7,928.4799,48.12,1.49E+04,1,17671,20200314_Lum1_OBJ0039764_03_NEO223_desalt_500fmol.raw,1,1,NEO_Copb2,,
IMLQYHAL,40.27,987.5212,8,1.5,988.5299,36.24,1.76E+08,1,13254,20200314_Lum1_OBJ0039764_03_NEO223_desalt_500fmol.raw,4,4,NEO_Copg2,,
IM(+15.99)LQYHAL,34.9,1003.5161,8,0.5,1004.5239,33.79,1.67E+07,1,12353,20200314_Lum1_OBJ0039764_03_NEO223_desalt_500fmol.raw,5,5,NEO_Copg2,Oxidation (M),M2:Oxidation (M):1000.00
NIMLQYHAL,33.98,1101.5641,9,10.6,551.7952,43.03,1.95E+03,1,15783,20200314_Lum1_OBJ0039764_03_NEO223_desalt_500fmol.raw,1,1,NEO_Copg2,,
MLQYHAL,33.27,874.4371,7,1.1,438.2263,35.34,6.63E+05,1,12924,20200314_Lum1_OBJ0039764_03_NEO223_desalt_500fmol.raw,2,2,NEO_Copg2,,
IMLQYHA,26.6,874.4371,7,2.3,438.2268,29.19,3.17E+03,1,10651,20200314_Lum1_OBJ0039764_03_NEO223_desalt_500fmol.raw,1,1,NEO_Copg2,,
VIHRYREV,27.98,1070.5985,8,1.6,536.3074,15.24,2.05E+05,1,5555,20200314_Lum1_OBJ0039764_03_NEO223_desalt_500fmol.raw,1,1,NEO_Coq4,,
SSPYSLHYL,40.46,1065.5131,9,1.5,1066.522,35.6,4.11E+07,1,13021,20200314_Lum1_OBJ0039764_03_NEO223_desalt_500fmol.raw,4,4,NEO_Cpne1,,
PYSLHYL,33.08,891.449,7,1.8,892.4579,35.62,6.92E+05,1,13028,20200314_Lum1_OBJ0039764_03_NEO223_desalt_500fmol.raw,3,3,NEO_Cpne1,,
SAAERYKWM,40.16,1140.5386,9,2.9,571.2782,25.34,2.62E+05,1,9242,20200314_Lum1_OBJ0039764_03_NEO223_desalt_500fmol.raw,2,2,NEO_Dab2ip,,
SAAERYKWM(+15.99),33.22,1156.5334,9,1.4,386.519,21.33,5.07E+04,1,7763,20200314_Lum1_OBJ0039764_03_NEO223_desalt_500fmol.raw,1,1,NEO_Dab2ip,Oxidation (M),M9:Oxidation (M):1000.00
NNEDYYSLL,35.82,1129.4928,9,2.2,1130.5026,47.32,2.84E+07,1,17367,20200314_Lum1_OBJ0039764_03_NEO223_desalt_500fmol.raw,2,2,NEO_Dnajc11,,
SSISKAML,37.13,835.4473,8,1.4,836.4557,26.32,1.01E+08,1,9610,20200314_Lum1_OBJ0039764_03_NEO223_desalt_500fmol.raw,4,4,NEO_Dtx3l,,
SSISKAM(+15.99)L,29.09,851.4423,8,2.3,426.7294,24.35,7.45E+06,1,8885,20200314_Lum1_OBJ0039764_03_NEO223_desalt_500fmol.raw,4,4,NEO_Dtx3l,Oxidation (M),M7:Oxidation (M):1000.00
SISKAML,26.16,748.4153,7,2.3,375.2158,25.27,1.20E+05,1,9216,20200314_Lum1_OBJ0039764_03_NEO223_desalt_500fmol.raw,1,1,NEO_Dtx3l,,
KAYTKPELL,39.24,1061.6121,9,3.2,531.815,24.89,7.16E+06,1,9073,20200314_Lum1_OBJ0039764_03_NEO223_desalt_500fmol.raw,2,2,NEO_Ell2,,
AYTKPELL,28.14,933.5171,8,1.2,467.7664,30.04,1.14E+04,1,10971,20200314_Lum1_OBJ0039764_03_NEO223_desalt_500fmol.raw,1,1,NEO_Ell2,,
LQPLFYAL,28.93,963.5429,8,1.5,964.5516,59.94,1.07E+08,1,22078,20200314_Lum1_OBJ0039764_03_NEO223_desalt_500fmol.raw,3,3,NEO_Exoc3l,,
ISYLKGNATI,37.19,1078.6023,10,0.7,540.3088,30.46,1.89E+06,1,11125,20200314_Lum1_OBJ0039764_03_NEO223_desalt_500fmol.raw,1,1,NEO_Frmd4a,,
SHYRAYHR,38.04,1088.5264,8,-61543.4,511.7747,26.75,5.85E+06,1,9767,20200314_Lum1_OBJ0039764_03_NEO223_desalt_500fmol.raw,9,9,NEO_Frmd8:sp|Q3UFK8|FRMD8_MOUSE,,
MNIAHLHL,40.79,947.5011,8,1.7,474.7586,32.44,3.94E+07,1,11850,20200314_Lum1_OBJ0039764_03_NEO223_desalt_500fmol.raw,6,6,NEO_Gpsm1,,
M(+15.99)NIAHLHL,32.04,963.496,8,2.2,482.7563,27.34,6.22E+06,1,9980,20200314_Lum1_OBJ0039764_03_NEO223_desalt_500fmol.raw,3,3,NEO_Gpsm1,Oxidation (M),M1:Oxidation (M):1000.00
NIAHLHL,27.35,816.4606,7,1.5,409.2382,32.47,4.00E+05,1,11862,20200314_Lum1_OBJ0039764_03_NEO223_desalt_500fmol.raw,1,1,NEO_Gpsm1,,
STYVIPRL,33.16,947.544,8,1.9,948.5531,37.18,1.28E+08,1,13592,20200314_Lum1_OBJ0039764_03_NEO223_desalt_500fmol.raw,4,4,NEO_Gtf2i,,
STYVIPR,28.14,834.46,7,2.6,418.2383,25.14,2.95E+04,1,9169,20200314_Lum1_OBJ0039764_03_NEO223_desalt_500fmol.raw,1,1,NEO_Gtf2i,,
DVYPFHMIL,41.76,1133.558,9,1.2,1134.5667,56.95,6.13E+07,1,20967,20200314_Lum1_OBJ0039764_03_NEO223_desalt_500fmol.raw,5,5,NEO_Gtf3c1,,
DVYPFHM(+15.99)IL,39.34,1149.5529,9,1.1,1150.5614,48.32,1.34E+07,1,17746,20200314_Lum1_OBJ0039764_03_NEO223_desalt_500fmol.raw,5,5,NEO_Gtf3c1,Oxidation (M),M7:Oxidation (M):1000.00
YPFHMIL,29.36,919.4626,7,0.6,460.7389,56.97,2.61E+05,1,20972,20200314_Lum1_OBJ0039764_03_NEO223_desalt_500fmol.raw,2,2,NEO_Gtf3c1,,
QIYAFLQGF,38.77,1085.5546,9,1.6,1086.5636,60.16,3.43E+06,1,22158,20200314_Lum1_OBJ0039764_03_NEO223_desalt_500fmol.raw,5,5,NEO_Hace1,,
IYAFLQGF,30.59,957.496,8,1.3,958.5045,59.11,7.07E+04,1,21765,20200314_Lum1_OBJ0039764_03_NEO223_desalt_500fmol.raw,1,1,NEO_Hace1,,
PSLLNWTRV,40.57,1084.6029,9,0.7,1085.611,44.5,7.65E+07,1,16322,20200314_Lum1_OBJ0039764_03_NEO223_desalt_500fmol.raw,4,4,NEO_Hcfc2,,
SLLNWTRV,32.29,987.5502,8,1.7,494.7832,42.09,1.75E+05,1,15429,20200314_Lum1_OBJ0039764_03_NEO223_desalt_500fmol.raw,1,1,NEO_Hcfc2,,
KGYPHWPAL,33.49,1067.5552,9,2.8,534.7864,33.41,8.29E+05,1,12212,20200314_Lum1_OBJ0039764_03_NEO223_desalt_500fmol.raw,2,2,NEO_Hdgfrp2,,
IHPKAFPL,32.49,921.5436,8,2,461.78,27.56,4.00E+07,1,10062,20200314_Lum1_OBJ0039764_03_NEO223_desalt_500fmol.raw,3,3,NEO_Hp1bp3,,
HPKAFPL,32.35,808.4595,7,1.9,405.2378,27.63,4.51E+04,1,10088,20200314_Lum1_OBJ0039764_03_NEO223_desalt_500fmol.raw,1,1,NEO_Hp1bp3,,
SLLAWRAL,32.23,928.5494,8,1,929.5576,45.26,4.18E+07,1,16600,20200314_Lum1_OBJ0039764_03_NEO223_desalt_500fmol.raw,3,3,NEO_Htra2,,
AWLSKVSRL,38.34,1058.6237,9,1.6,530.3199,30.73,3.08E+06,1,11219,20200314_Lum1_OBJ0039764_03_NEO223_desalt_500fmol.raw,2,2,NEO_Idh3a,,
SSLKSYVQL,40.26,1023.5601,9,1.4,1024.5687,33.62,4.00E+05,1,12289,20200314_Lum1_OBJ0039764_03_NEO223_desalt_500fmol.raw,2,2,NEO_Ikbkap,,
SLKSYVQL,26.78,936.528,8,1.5,469.272,33.02,6.37E+04,1,12065,20200314_Lum1_OBJ0039764_03_NEO223_desalt_500fmol.raw,1,1,NEO_Ikbkap,,
VNGLLYVSV,29.34,962.5436,9,1.9,963.5527,50.17,1.65E+07,1,18437,20200314_Lum1_OBJ0039764_03_NEO223_desalt_500fmol.raw,2,2,NEO_Ipp,,
AALLNSAVL,27.27,870.5175,9,2.1,436.2669,45.92,1.28E+07,1,16847,20200314_Lum1_OBJ0039764_03_NEO223_desalt_500fmol.raw,1,1,NEO_Irgq,,
VQINNPVTFL,36.66,1143.6288,10,1.5,1144.6378,54,7.23E+06,1,19866,20200314_Lum1_OBJ0039764_03_NEO223_desalt_500fmol.raw,2,2,NEO_Itgb2,,
AFFEAASI,26.84,854.4174,8,1.7,855.4261,46.52,6.81E+07,1,17068,20200314_Lum1_OBJ0039764_03_NEO223_desalt_500fmol.raw,1,1,NEO_Jak1,,
IQIAKEMAL,39.42,1015.5736,9,1.1,1016.582,35.92,1.42E+08,1,13139,20200314_Lum1_OBJ0039764_03_NEO223_desalt_500fmol.raw,5,5,NEO_Kif14,,
IQIAKEM(+15.99)AL,29.66,1031.5685,9,1.3,516.7922,28.65,4.56E+06,1,10448,20200314_Lum1_OBJ0039764_03_NEO223_desalt_500fmol.raw,3,3,NEO_Kif14,Oxidation (M),M7:Oxidation (M):1000.00
QIAKEMAL,29.58,902.4895,8,1.1,903.4978,36.02,0.00E+00,1,13172,20200314_Lum1_OBJ0039764_03_NEO223_desalt_500fmol.raw,1,1,NEO_Kif14,,
IAKEMAL,26.79,774.4309,7,1.6,775.4394,35.92,6.87E+05,1,13140,20200314_Lum1_OBJ0039764_03_NEO223_desalt_500fmol.raw,1,1,NEO_Kif14,,
QSYVPAPL,30.23,873.4596,8,2,874.4686,39.97,5.45E+06,1,14634,20200314_Lum1_OBJ0039764_03_NEO223_desalt_500fmol.raw,1,1,NEO_Lmo7,,
EALVNLNKL,38.84,1012.5917,9,1.5,1013.6005,37.89,2.23E+08,1,13850,20200314_Lum1_OBJ0039764_03_NEO223_desalt_500fmol.raw,4,4,NEO_Lrrcc1,,
ALVNLNKL,32.82,883.5491,8,1,442.7823,36.02,3.24E+05,1,13174,20200314_Lum1_OBJ0039764_03_NEO223_desalt_500fmol.raw,1,1,NEO_Lrrcc1,,
LVNLNKL,28.69,812.512,7,0.1,813.5193,37.9,1.37E+05,1,13855,20200314_Lum1_OBJ0039764_03_NEO223_desalt_500fmol.raw,1,1,NEO_Lrrcc1,,
SVFGQSNDS,38.07,939.3934,9,27734.4,966.4542,35.16,3.04E+07,1,12854,20200314_Lum1_OBJ0039764_03_NEO223_desalt_500fmol.raw,3,3,NEO_Lrrk2,,
VMKAHRTSL,34.56,1041.5753,9,2.5,348.1999,15.14,1.40E+06,1,5521,20200314_Lum1_OBJ0039764_03_NEO223_desalt_500fmol.raw,1,1,NEO_Lrrk2,,
VM(+15.99)KAHRTSL,27.38,1057.5702,9,2.4,353.5315,9.1,2.54E+06,1,3378,20200314_Lum1_OBJ0039764_03_NEO223_desalt_500fmol.raw,2,2,NEO_Lrrk2,Oxidation (M),M2:Oxidation (M):1000.00
SLRSFQAL,32.53,920.5079,8,1.6,921.5167,31.4,4.88E+06,1,11469,20200314_Lum1_OBJ0039764_03_NEO223_desalt_500fmol.raw,1,1,NEO_Man2c1,,
FSLSFQHPV,38.17,1060.5342,9,1.1,1061.5426,40.4,4.91E+07,1,14797,20200314_Lum1_OBJ0039764_03_NEO223_desalt_500fmol.raw,2,2,NEO_Med1,,
SSVLFEYM(+15.99),35.4,990.4368,8,1.5,991.4456,42.3,2.86E+06,1,15510,20200314_Lum1_OBJ0039764_03_NEO223_desalt_500fmol.raw,2,2,NEO_Med12,Oxidation (M),M8:Oxidation (M):1000.00
SSVLFEYM,28.06,974.4419,8,1,975.4501,54.01,1.21E+05,1,19869,20200314_Lum1_OBJ0039764_03_NEO223_desalt_500fmol.raw,2,2,NEO_Med12,,
QQHTFAQV,36.15,957.4668,8,1.6,958.4756,22.85,7.75E+04,1,8326,20200314_Lum1_OBJ0039764_03_NEO223_desalt_500fmol.raw,1,1,NEO_Mocos,,
TGYVERSPL,39.15,1020.524,9,1.3,1021.5326,26.86,5.62E+05,1,9804,20200314_Lum1_OBJ0039764_03_NEO223_desalt_500fmol.raw,3,3,NEO_Mttp,,
YVERSPL,28.74,862.4548,7,2.2,432.2356,24.32,4.46E+03,1,8873,20200314_Lum1_OBJ0039764_03_NEO223_desalt_500fmol.raw,1,1,NEO_Mttp,,
YSLSHLKRV,28.43,1101.6294,9,2.4,368.218,21.53,3.11E+05,1,7835,20200314_Lum1_OBJ0039764_03_NEO223_desalt_500fmol.raw,1,1,NEO_Nav1,,
ASYSLVAHI,43.13,959.5076,9,2.3,480.7622,35.11,5.53E+07,1,12836,20200314_Lum1_OBJ0039764_03_NEO223_desalt_500fmol.raw,32,32,NEO_Nfe2l2,,
SASYSLVAHI,34.37,1046.5397,10,1,524.2776,35.04,0.00E+00,1,12814,20200314_Lum1_OBJ0039764_03_NEO223_desalt_500fmol.raw,1,1,NEO_Nfe2l2,,
YSLVAHI,32.03,801.4385,7,1.4,802.4469,35.05,1.63E+05,1,12816,20200314_Lum1_OBJ0039764_03_NEO223_desalt_500fmol.raw,2,2,NEO_Nfe2l2,,
SYSLVAHI,31.38,888.4705,8,1.1,889.4788,34.79,1.14E+05,1,12731,20200314_Lum1_OBJ0039764_03_NEO223_desalt_500fmol.raw,2,2,NEO_Nfe2l2,,
TSIMQLYL,26.42,967.5049,8,1.1,968.5132,57.55,1.34E+06,1,21182,20200314_Lum1_OBJ0039764_03_NEO223_desalt_500fmol.raw,1,1,NEO_Nipbl,,
M(+15.99)ALSTYYAL,29.89,1047.4946,9,1.2,1048.5032,43.61,3.58E+06,1,16001,20200314_Lum1_OBJ0039764_03_NEO223_desalt_500fmol.raw,2,2,NEO_Nle1,Oxidation (M),M1:Oxidation (M):1000.00
INPHWNFEKM,41.39,1314.6179,10,1.1,439.2137,32.53,9.72E+04,1,11884,20200314_Lum1_OBJ0039764_03_NEO223_desalt_500fmol.raw,1,1,NEO_Nsf,,
INPHWNFEKM(+15.99),36.75,1330.6128,10,3.4,444.5464,27.95,2.14E+04,1,10201,20200314_Lum1_OBJ0039764_03_NEO223_desalt_500fmol.raw,1,1,NEO_Nsf,Oxidation (M),M10:Oxidation (M):1000.00
VIYQLCAF,31.7,955.4837,8,1.3,956.4922,54.01,7.01E+05,1,19867,20200314_Lum1_OBJ0039764_03_NEO223_desalt_500fmol.raw,1,1,NEO_Nup205,,
FVIDFKPL,37.32,977.5585,8,0.9,978.5667,50.91,6.04E+07,1,18715,20200314_Lum1_OBJ0039764_03_NEO223_desalt_500fmol.raw,4,4,NEO_Pam,,
AFVIDFKPL,34.06,1048.5957,9,2.7,525.3065,50.66,1.72E+04,1,18622,20200314_Lum1_OBJ0039764_03_NEO223_desalt_500fmol.raw,1,1,NEO_Pam,,
KGYYFNKGTC,48.46,1179.5382,10,8542.6,1190.6218,26.44,4.15E+07,1,9652,20200314_Lum1_OBJ0039764_03_NEO223_desalt_500fmol.raw,9,9,NEO_Pcsk4,,
KGYYFNKGL,46.17,1088.5654,9,1.8,545.291,26.04,6.56E+04,1,9503,20200314_Lum1_OBJ0039764_03_NEO223_desalt_500fmol.raw,1,1,NEO_Pcsk4,,
GYYFNKGTC,40.43,1051.4434,9,9583.3,531.7671,31.59,1.37E+05,1,11537,20200314_Lum1_OBJ0039764_03_NEO223_desalt_500fmol.raw,1,1,NEO_Pcsk4,,
YYFNKGTC,35.37,994.4218,8,10132.7,503.2563,30.85,7.20E+04,1,11266,20200314_Lum1_OBJ0039764_03_NEO223_desalt_500fmol.raw,1,1,NEO_Pcsk4,,
KGYYFNK,31.94,918.4599,7,2.1,460.2382,18.47,9.04E+03,1,6717,20200314_Lum1_OBJ0039764_03_NEO223_desalt_500fmol.raw,1,1,NEO_Pcsk4,,
KGYYFNKG,27.77,975.4814,8,3.2,488.7495,18.26,4.52E+03,1,6641,20200314_Lum1_OBJ0039764_03_NEO223_desalt_500fmol.raw,1,1,NEO_Pcsk4,,
SSPGFCNTFL,29.58,1071.4695,10,3.3,536.7438,50.56,6.11E+04,1,18585,20200314_Lum1_OBJ0039764_03_NEO223_desalt_500fmol.raw,1,1,NEO_Phrf1,,
SSMVPSAL,31.96,790.3895,8,1.7,791.3981,36.85,3.01E+07,1,13470,20200314_Lum1_OBJ0039764_03_NEO223_desalt_500fmol.raw,2,2,NEO_Pitx2,,
SSSMVPSAL,30.46,877.4215,9,1.4,878.4301,37.01,7.73E+03,1,13533,20200314_Lum1_OBJ0039764_03_NEO223_desalt_500fmol.raw,1,1,NEO_Pitx2,,
SSM(+15.99)VPSAL,26.17,806.3844,8,1.7,807.3931,32.38,1.07E+05,1,11827,20200314_Lum1_OBJ0039764_03_NEO223_desalt_500fmol.raw,1,1,NEO_Pitx2,Oxidation (M),M3:Oxidation (M):1000.00
VRYVYGGI,37.25,925.5021,8,1,926.5104,30.5,3.39E+07,1,11140,20200314_Lum1_OBJ0039764_03_NEO223_desalt_500fmol.raw,3,3,NEO_Pnpla2,,
IFVRHM(+15.99)VGV,39.43,1072.5852,9,1.3,537.3006,24.16,2.12E+06,1,8815,20200314_Lum1_OBJ0039764_03_NEO223_desalt_500fmol.raw,3,3,NEO_Prep,Oxidation (M),M6:Oxidation (M):1000.00
IFVRHMVGV,38.66,1056.5902,9,1,529.3029,28.85,2.53E+07,1,10522,20200314_Lum1_OBJ0039764_03_NEO223_desalt_500fmol.raw,6,6,NEO_Prep,,
FVRHMVGV,36.1,943.5062,8,1.2,472.7609,28.44,3.36E+05,1,10370,20200314_Lum1_OBJ0039764_03_NEO223_desalt_500fmol.raw,1,1,NEO_Prep,,
FVRHM(+15.99)VGV,28.7,959.5011,8,1.3,480.7585,24.17,4.55E+04,1,8818,20200314_Lum1_OBJ0039764_03_NEO223_desalt_500fmol.raw,1,1,NEO_Prep,Oxidation (M),M5:Oxidation (M):1000.00
VNSIHALL,32.89,865.5021,8,1.5,866.5107,32.75,1.24E+08,1,11966,20200314_Lum1_OBJ0039764_03_NEO223_desalt_500fmol.raw,4,4,NEO_Prex1,,
TAVVRQSTL,44.92,973.5557,9,2.4,487.7863,22.79,1.79E+08,1,8301,20200314_Lum1_OBJ0039764_03_NEO223_desalt_500fmol.raw,4,4,NEO_Ptprs,,
AVVRQSTL,35.4,872.5079,8,1,437.2617,20.77,2.63E+04,1,7564,20200314_Lum1_OBJ0039764_03_NEO223_desalt_500fmol.raw,1,1,NEO_Ptprs,,
VVRQSTL,27.9,801.4708,7,2.4,802.48,22.47,7.36E+05,1,8189,20200314_Lum1_OBJ0039764_03_NEO223_desalt_500fmol.raw,1,1,NEO_Ptprs,,
SYVSLWPDL,28.76,1078.5334,9,2,1079.5428,60.93,1.40E+07,1,22447,20200314_Lum1_OBJ0039764_03_NEO223_desalt_500fmol.raw,2,2,NEO_Qrich1,,
YVSLWPDL,27.56,991.5015,8,2.8,992.5115,60.35,5.20E+04,1,22232,20200314_Lum1_OBJ0039764_03_NEO223_desalt_500fmol.raw,1,1,NEO_Qrich1,,
FVLESYLNL,29.33,1096.5804,9,1.5,1097.5894,61.22,1.53E+07,1,22559,20200314_Lum1_OBJ0039764_03_NEO223_desalt_500fmol.raw,2,2,NEO_Rapsn,,
SAWEVLIPL,33.48,1026.575,9,3.9,1027.5862,68.83,0.00E+00,1,25412,20200314_Lum1_OBJ0039764_03_NEO223_desalt_500fmol.raw,1,1,NEO_Rbm17,,
AQLANDVVL,32.35,941.5182,9,2.8,471.7677,40.88,3.51E+07,1,14977,20200314_Lum1_OBJ0039764_03_NEO223_desalt_500fmol.raw,3,3,NEO_Reps1,,
ATLAQFNTV,38.16,963.5026,9,1.9,482.7595,38.08,9.08E+07,1,13920,20200314_Lum1_OBJ0039764_03_NEO223_desalt_500fmol.raw,5,5,NEO_Rgl3,,
VAQNRHCEL,27.38,1068.5134,9,1.7,357.179,15.84,8.51E+04,1,5777,20200314_Lum1_OBJ0039764_03_NEO223_desalt_500fmol.raw,1,1,NEO_Rnf20,,
YVWGRYDFL,30,1217.5869,9,3.9,609.8031,50.56,9.84E+05,1,18583,20200314_Lum1_OBJ0039764_03_NEO223_desalt_500fmol.raw,1,1,NEO_Rnpep,,
KILTFDRL,30.41,1004.6018,8,0.7,1005.6098,32.92,6.59E+04,1,12027,20200314_Lum1_OBJ0039764_03_NEO223_desalt_500fmol.raw,1,1,NEO_Rpl18,,
ILTFDRL,28.01,876.5069,7,2,439.2616,39.88,2.04E+05,1,14598,20200314_Lum1_OBJ0039764_03_NEO223_desalt_500fmol.raw,1,1,NEO_Rpl18,,
MNMGQFLEF,34.74,1115.478,9,1.5,1116.4869,60.98,6.50E+06,1,22466,20200314_Lum1_OBJ0039764_03_NEO223_desalt_500fmol.raw,2,2,NEO_Rwdd2a,,
M(+15.99)NMGQFLEF,27.04,1131.4729,9,3.2,566.7455,54.75,6.65E+05,1,20144,20200314_Lum1_OBJ0039764_03_NEO223_desalt_500fmol.raw,1,1,NEO_Rwdd2a,Oxidation (M),M1:Oxidation (M):6.59
SVTVFVNNL,36.67,991.5338,9,2.4,496.7754,46.69,4.98E+07,1,17131,20200314_Lum1_OBJ0039764_03_NEO223_desalt_500fmol.raw,3,3,NEO_Sart3,,
VTVFVNNL,26.11,904.5018,8,1,905.51,44.44,1.31E+04,1,16298,20200314_Lum1_OBJ0039764_03_NEO223_desalt_500fmol.raw,1,1,NEO_Sart3,,
HSLTNSSSDFM,43.44,1224.5081,11,2.2,613.2626,28.74,6.14E+06,1,10479,20200314_Lum1_OBJ0039764_03_NEO223_desalt_500fmol.raw,2,2,NEO_Setx,,
HSLTNSSSDFM(+15.99),39.49,1240.5031,11,2.8,621.2606,23.54,2.22E+05,1,8579,20200314_Lum1_OBJ0039764_03_NEO223_desalt_500fmol.raw,1,1,NEO_Setx,Oxidation (M),M11:Oxidation (M):1000.00
MQQLNPEFV,36.46,1104.5273,9,1.5,1105.5363,42.32,7.74E+06,1,15516,20200314_Lum1_OBJ0039764_03_NEO223_desalt_500fmol.raw,3,3,NEO_Sgta,,
M(+15.99)QQLNPEFV,34.07,1120.5223,9,2.5,561.2698,38.34,4.44E+05,1,14017,20200314_Lum1_OBJ0039764_03_NEO223_desalt_500fmol.raw,2,2,NEO_Sgta,Oxidation (M),M1:Oxidation (M):1000.00
LSASRYALL,38.47,992.5654,9,1.3,993.574,34.63,1.90E+08,1,12671,20200314_Lum1_OBJ0039764_03_NEO223_desalt_500fmol.raw,4,4,NEO_Slc12a4,,
SASRYALL,29.62,879.4814,8,2.6,440.7491,29.81,2.02E+04,1,10883,20200314_Lum1_OBJ0039764_03_NEO223_desalt_500fmol.raw,1,1,NEO_Slc12a4,,
SLSASRYALL,27.25,1079.5974,10,2.8,540.8075,33.44,4.79E+04,1,12222,20200314_Lum1_OBJ0039764_03_NEO223_desalt_500fmol.raw,1,1,NEO_Slc12a4,,
VM(+15.99)MTSAEAV,29.2,953.4198,9,2,954.429,29.28,2.54E+06,1,10685,20200314_Lum1_OBJ0039764_03_NEO223_desalt_500fmol.raw,2,2,NEO_Slc35e4,Oxidation (M),M2:Oxidation (M):17.01
VMM(+15.99)TSAEAV,28,953.4198,9,2.7,477.7185,26.08,1.16E+06,1,9518,20200314_Lum1_OBJ0039764_03_NEO223_desalt_500fmol.raw,3,3,NEO_Slc35e4,Oxidation (M),M3:Oxidation (M):10.11
SNLNRNATV,37.19,987.5098,9,1.8,988.5189,17.78,1.87E+08,1,6490,20200314_Lum1_OBJ0039764_03_NEO223_desalt_500fmol.raw,3,3,NEO_Smad2,,
SAIRSYQYV,40.26,1085.5505,9,1.1,1086.559,27.11,4.91E+06,1,9896,20200314_Lum1_OBJ0039764_03_NEO223_desalt_500fmol.raw,6,6,NEO_Spire1,,
AIRSYQYV,27.52,998.5185,8,2.3,500.2677,26.16,6.10E+04,1,9548,20200314_Lum1_OBJ0039764_03_NEO223_desalt_500fmol.raw,1,1,NEO_Spire1,,
HSFVYSVGF,32.9,1041.4919,9,1.8,1042.5011,40.99,5.17E+07,1,15018,20200314_Lum1_OBJ0039764_03_NEO223_desalt_500fmol.raw,8,8,NEO_Srebf2,,
PNAGFMSQL,38.54,963.4484,9,1.6,964.4572,42.41,7.84E+07,1,15551,20200314_Lum1_OBJ0039764_03_NEO223_desalt_500fmol.raw,4,4,NEO_Ssh1,,
NAGFMSQL,30.44,866.3956,8,1.8,867.4045,41.24,1.65E+04,1,15113,20200314_Lum1_OBJ0039764_03_NEO223_desalt_500fmol.raw,1,1,NEO_Ssh1,,
PNAGFM(+15.99)SQL,28.53,979.4433,9,1.7,490.7297,31.82,1.18E+06,1,11625,20200314_Lum1_OBJ0039764_03_NEO223_desalt_500fmol.raw,2,2,NEO_Ssh1,Oxidation (M),M6:Oxidation (M):1000.00
IHPVMSTL,36.25,896.479,8,1.1,897.4873,30.58,1.42E+06,1,11168,20200314_Lum1_OBJ0039764_03_NEO223_desalt_500fmol.raw,2,2,NEO_Stxbp4,,
SAVDFKLHI,41.45,1028.5654,9,0.9,515.2905,37.39,1.19E+07,1,13664,20200314_Lum1_OBJ0039764_03_NEO223_desalt_500fmol.raw,24,24,NEO_Syde1,,
AVDFKLHI,33.38,941.5334,8,0.5,471.7742,35.65,3.41E+05,1,13039,20200314_Lum1_OBJ0039764_03_NEO223_desalt_500fmol.raw,4,4,NEO_Syde1,,
VDFKLHI,30.52,870.4963,7,1.2,436.256,35.35,2.53E+05,1,12928,20200314_Lum1_OBJ0039764_03_NEO223_desalt_500fmol.raw,2,2,NEO_Syde1,,
DFKLHI,28.84,771.4279,6,2.6,386.7222,33.4,1.11E+05,1,12209,20200314_Lum1_OBJ0039764_03_NEO223_desalt_500fmol.raw,1,1,NEO_Syde1,,
SSASRRLLV,34.01,987.5825,9,1.3,988.5911,20.99,0.00E+00,1,7639,20200314_Lum1_OBJ0039764_03_NEO223_desalt_500fmol.raw,2,2,NEO_Tada3,,
VQFMSCNL,32.03,940.4147,8,2.1,941.4239,46.74,3.80E+05,1,17149,20200314_Lum1_OBJ0039764_03_NEO223_desalt_500fmol.raw,2,2,NEO_Taf5l,,
ASYHNMGDLF,33.76,1153.4862,10,2.1,577.7516,36.99,3.77E+06,1,13525,20200314_Lum1_OBJ0039764_03_NEO223_desalt_500fmol.raw,1,1,NEO_Tcf20,,
ASYHNM(+15.99)GDLF,29.98,1169.4812,10,2,585.749,29.3,3.32E+05,1,10691,20200314_Lum1_OBJ0039764_03_NEO223_desalt_500fmol.raw,1,1,NEO_Tcf20,Oxidation (M),M6:Oxidation (M):1000.00
VLYLLDTSL,29.47,1035.5852,9,1.2,518.8005,59.01,8.59E+05,1,21730,20200314_Lum1_OBJ0039764_03_NEO223_desalt_500fmol.raw,1,1,NEO_Tdrd7,,
IGAGFFSDV,33.54,911.4388,9,1,912.447,50.92,4.69E+05,1,18719,20200314_Lum1_OBJ0039764_03_NEO223_desalt_500fmol.raw,3,3,NEO_Tesk1,,
IGAGFFSD,28.23,812.3704,8,2.7,813.3799,42.35,4.31E+05,1,15529,20200314_Lum1_OBJ0039764_03_NEO223_desalt_500fmol.raw,1,1,NEO_Tesk1,,
FTPSHPPL,31.48,894.4599,8,2.2,895.4692,28.04,1.57E+06,1,10236,20200314_Lum1_OBJ0039764_03_NEO223_desalt_500fmol.raw,3,3,NEO_Tgfbrap1,,
FALMNLKAL,37.34,1019.5837,9,1.1,1020.5921,49.66,9.47E+05,1,18251,20200314_Lum1_OBJ0039764_03_NEO223_desalt_500fmol.raw,4,4,NEO_Tmem135,,
FALM(+15.99)NLKAL,36.89,1035.5786,9,1.3,518.7972,41.98,6.55E+06,1,15390,20200314_Lum1_OBJ0039764_03_NEO223_desalt_500fmol.raw,8,8,NEO_Tmem135,Oxidation (M),M4:Oxidation (M):1000.00
FALMNLK,27.63,835.4626,7,0.6,418.7388,37.51,3.50E+05,1,13710,20200314_Lum1_OBJ0039764_03_NEO223_desalt_500fmol.raw,1,1,NEO_Tmem135,,
IMTQHLEPI,36.63,1080.5637,9,1.9,1081.573,32.14,4.68E+06,1,11743,20200314_Lum1_OBJ0039764_03_NEO223_desalt_500fmol.raw,3,3,NEO_Tmem161a,,
IM(+15.99)TQHLEPI,33.26,1096.5587,9,2.8,549.2881,29.05,3.26E+06,1,10596,20200314_Lum1_OBJ0039764_03_NEO223_desalt_500fmol.raw,2,2,NEO_Tmem161a,Oxidation (M),M2:Oxidation (M):1000.00
SAWVPFGGL,30.08,932.4756,9,1.4,467.2457,58.24,4.36E+07,1,21442,20200314_Lum1_OBJ0039764_03_NEO223_desalt_500fmol.raw,2,2,NEO_Tmem198b,,
SVAGFNPAL,35.94,874.4548,9,2.1,875.464,40.98,1.07E+08,1,15015,20200314_Lum1_OBJ0039764_03_NEO223_desalt_500fmol.raw,4,4,NEO_Tor1aip2,,
MGVMNRRPI,34.19,1072.5634,9,0.5,537.2892,23.65,4.17E+06,1,8621,20200314_Lum1_OBJ0039764_03_NEO223_desalt_500fmol.raw,1,1,NEO_Trp53,,
M(+15.99)GVMNRRPI,26.34,1088.5583,9,1.7,363.8607,20.59,5.52E+06,1,7498,20200314_Lum1_OBJ0039764_03_NEO223_desalt_500fmol.raw,2,2,NEO_Trp53,Oxidation (M),M1:Oxidation (M):38.16
AQARNSLEL,37.62,1000.5302,9,1.2,1001.5386,25.59,6.80E+06,1,9337,20200314_Lum1_OBJ0039764_03_NEO223_desalt_500fmol.raw,4,4,NEO_Trpc1,,
QARNSLEL,30.79,929.493,8,1.8,465.7546,25.11,2.50E+05,1,9156,20200314_Lum1_OBJ0039764_03_NEO223_desalt_500fmol.raw,1,1,NEO_Trpc1,,
VAALREFLV,40.9,1016.6018,9,3.2,509.3098,45.19,2.11E+08,1,16573,20200314_Lum1_OBJ0039764_03_NEO223_desalt_500fmol.raw,9,9,NEO_Ubl7,,
AALREFLV,36.62,917.5334,8,1.4,459.7746,39.68,2.04E+05,1,14522,20200314_Lum1_OBJ0039764_03_NEO223_desalt_500fmol.raw,3,3,NEO_Ubl7,,
ALREFLV,26.54,846.4963,7,2.1,847.5054,44.21,4.67E+05,1,16222,20200314_Lum1_OBJ0039764_03_NEO223_desalt_500fmol.raw,1,1,NEO_Ubl7,,
RALSGLEPF,32.83,988.5341,9,0.9,989.5422,37.53,6.93E+07,1,13717,20200314_Lum1_OBJ0039764_03_NEO223_desalt_500fmol.raw,3,3,NEO_Vps13d,,
VSPQHRPV,32.88,918.5035,8,1.8,460.2599,3.8,2.55E+07,1,1408,20200314_Lum1_OBJ0039764_03_NEO223_desalt_500fmol.raw,6,6,NEO_Wdr74,,
LNQLYELAL,30.86,1075.5913,9,1.3,1076.6,54.24,4.87E+07,1,19953,20200314_Lum1_OBJ0039764_03_NEO223_desalt_500fmol.raw,3,3,NEO_Xab2,,
SLLEHMSLL,39.49,1041.5529,9,1.6,1042.5618,48.77,8.76E+07,1,17915,20200314_Lum1_OBJ0039764_03_NEO223_desalt_500fmol.raw,7,7,NEO_Zbtb24,,
SLLEHM(+15.99)SLL,35.79,1057.5477,9,1.9,529.7822,37.82,9.82E+06,1,13825,20200314_Lum1_OBJ0039764_03_NEO223_desalt_500fmol.raw,6,6,NEO_Zbtb24,Oxidation (M),M6:Oxidation (M):1000.00
IIAVLKQRL,29.78,1052.7069,9,1.3,527.3614,30.78,2.95E+07,1,11241,20200314_Lum1_OBJ0039764_03_NEO223_desalt_500fmol.raw,3,3,NEO_Zfp365,,
IAVLKQRL,27.93,939.6229,8,0.9,470.8192,30.79,1.39E+06,1,11243,20200314_Lum1_OBJ0039764_03_NEO223_desalt_500fmol.raw,1,1,NEO_Zfp365,,
SNHVLGHL,34.73,875.4614,8,0.9,438.7384,21.9,2.36E+07,1,7978,20200314_Lum1_OBJ0039764_03_NEO223_desalt_500fmol.raw,7,7,NEO_Zfp644,,
LMLENYNNL,36.59,1122.538,9,1.9,562.2773,43.56,9.23E+07,1,15983,20200314_Lum1_OBJ0039764_03_NEO223_desalt_500fmol.raw,4,4,NEO_Zfp759,,
LM(+15.99)LENYNNL,31.03,1138.5328,9,3.2,570.2755,39.73,9.00E+06,1,14542,20200314_Lum1_OBJ0039764_03_NEO223_desalt_500fmol.raw,4,4,NEO_Zfp759,Oxidation (M),M2:Oxidation (M):1000.00
ASACNVQHL,44.1,941.4389,9,1.1,471.7272,22.65,1.14E+07,1,8250,20200314_Lum1_OBJ0039764_03_NEO223_desalt_500fmol.raw,5,5,NEO_Zhx3,,
SACNVQHL,35.76,870.4018,8,2.7,436.2094,21.49,1.80E+04,1,7822,20200314_Lum1_OBJ0039764_03_NEO223_desalt_500fmol.raw,1,1,NEO_Zhx3,,
ASAC(+57.02)NVQHL,34.39,998.4604,9,3.8,500.2394,20.26,1.27E+04,1,7379,20200314_Lum1_OBJ0039764_03_NEO223_desalt_500fmol.raw,1,1,NEO_Zhx3,Carbamidomethylation,C4:Carbamidomethylation:1000.00
LFVEESIYDEFVR,28.01,1644.8035,13,3.3,823.4117,53.51,1.05E+04,1,19681,20200314_Lum1_OBJ0039764_03_NEO223_desalt_500fmol.raw,1,1,sp|O35945|AL1A7_MOUSE,,
LFIGGLSFETTEESLR,42.54,1797.9148,16,2.5,899.9669,53.12,3.67E+04,1,19533,20200314_Lum1_OBJ0039764_03_NEO223_desalt_500fmol.raw,2,2,sp|O88569|ROA2_MOUSE,,
GFGFVTFSSMAEVDAAMAARPH,34.84,2298.0562,22,4.2,767.0292,55.92,8.31E+03,1,20583,20200314_Lum1_OBJ0039764_03_NEO223_desalt_500fmol.raw,1,1,sp|O88569|ROA2_MOUSE,,
VNNKDLPAPIER,28.29,1364.7412,12,1.8,455.9218,24.87,3.66E+03,1,9066,20200314_Lum1_OBJ0039764_03_NEO223_desalt_500fmol.raw,1,1,sp|P01863|GCAA_MOUSE:sp|P01865|GCAM_MOUSE,,
GYAFIEFASFEDAK,29.66,1593.7351,14,4.1,797.8781,52.84,7.81E+03,1,19427,20200314_Lum1_OBJ0039764_03_NEO223_desalt_500fmol.raw,1,1,sp|P09405|NUCL_MOUSE,,
VETGVLKPGMVVTFAPVNVTTEVK,42.46,2514.3767,24,4,839.1362,49.17,2.31E+04,1,18067,20200314_Lum1_OBJ0039764_03_NEO223_desalt_500fmol.raw,1,1,sp|P10126|EF1A1_MOUSE,,
PGMVVTFAPVNVTTEVK,29.02,1787.9491,17,3.6,894.985,47.87,2.58E+04,1,17577,20200314_Lum1_OBJ0039764_03_NEO223_desalt_500fmol.raw,1,1,sp|P10126|EF1A1_MOUSE,,
AMGIMNSFVNDIFER,46.4,1742.812,15,2.1,872.4151,60.31,0.00E+00,1,22213,20200314_Lum1_OBJ0039764_03_NEO223_desalt_500fmol.raw,1,1,sp|P10854|H2B1M_MOUSE:sp|Q6ZWY9|H2B1C_MOUSE:sp|Q64525|H2B2B_MOUSE:sp|Q64475|H2B1B_MOUSE:sp|P10853|H2B1F_MOUSE:sp|Q8CGP2|H2B1P_MOUSE:sp|Q64478|H2B1H_MOUSE:sp|Q8CGP1|H2B1K_MOUSE,,
ESYSVYVYK,37.58,1136.5389,9,1.9,569.2778,29.63,6.72E+03,1,10815,20200314_Lum1_OBJ0039764_03_NEO223_desalt_500fmol.raw,1,1,sp|P10854|H2B1M_MOUSE:sp|Q6ZWY9|H2B1C_MOUSE:sp|Q64525|H2B2B_MOUSE:sp|Q64475|H2B1B_MOUSE:sp|P10853|H2B1F_MOUSE:sp|Q8CGP2|H2B1P_MOUSE:sp|Q64478|H2B1H_MOUSE:sp|Q8CGP1|H2B1K_MOUSE,,
AM(+15.99)GIM(+15.99)NSFVNDIFER,30.59,1774.8018,15,3.3,888.4111,48.21,1.69E+04,1,17705,20200314_Lum1_OBJ0039764_03_NEO223_desalt_500fmol.raw,1,1,sp|P10854|H2B1M_MOUSE:sp|Q6ZWY9|H2B1C_MOUSE:sp|Q64525|H2B2B_MOUSE:sp|Q64475|H2B1B_MOUSE:sp|P10853|H2B1F_MOUSE:sp|Q8CGP2|H2B1P_MOUSE:sp|Q64478|H2B1H_MOUSE:sp|Q8CGP1|H2B1K_MOUSE,Oxidation (M),M2:Oxidation (M):1000.00;M5:Oxidation (M):1000.00
AM(+15.99)GIMNSFVNDIFER,27.99,1758.8069,15,2.5,880.4129,56.32,1.76E+04,1,20729,20200314_Lum1_OBJ0039764_03_NEO223_desalt_500fmol.raw,1,1,sp|P10854|H2B1M_MOUSE:sp|Q6ZWY9|H2B1C_MOUSE:sp|Q64525|H2B2B_MOUSE:sp|Q64475|H2B1B_MOUSE:sp|P10853|H2B1F_MOUSE:sp|Q8CGP2|H2B1P_MOUSE:sp|Q64478|H2B1H_MOUSE:sp|Q8CGP1|H2B1K_MOUSE,Oxidation (M),M2:Oxidation (M):57.45
HFSVEGQLEFR,39.32,1347.6571,11,2.5,450.2274,33.2,2.25E+04,1,12132,20200314_Lum1_OBJ0039764_03_NEO223_desalt_500fmol.raw,1,1,sp|P11499|HS90B_MOUSE,,
SLTNDWEDHLAVK,34.97,1526.7365,13,1,509.9199,34.74,5.71E+04,1,12713,20200314_Lum1_OBJ0039764_03_NEO223_desalt_500fmol.raw,1,1,sp|P11499|HS90B_MOUSE,,
HNDDEQYAWESSAGGSFTVR,33.81,2254.9514,20,2.2,752.6594,35.48,1.16E+04,1,12976,20200314_Lum1_OBJ0039764_03_NEO223_desalt_500fmol.raw,1,1,sp|P11499|HS90B_MOUSE,,
VFIMDSC(+57.02)DELIPEYLNFIR,26.77,2373.1384,19,2.7,1187.5797,68.53,1.04E+04,1,25298,20200314_Lum1_OBJ0039764_03_NEO223_desalt_500fmol.raw,1,1,sp|P11499|HS90B_MOUSE,Carbamidomethylation,C7:Carbamidomethylation:1000.00
EVGDGTTSVVIIAAELLK,31.28,1814.0037,18,3.8,908.0125,66.81,3.53E+03,1,24652,20200314_Lum1_OBJ0039764_03_NEO223_desalt_500fmol.raw,1,1,sp|P11983|TCPA_MOUSE,,
SLADELALVDVLEDK,34.96,1628.8508,15,3.7,815.4357,61.82,5.24E+03,1,22781,20200314_Lum1_OBJ0039764_03_NEO223_desalt_500fmol.raw,1,1,sp|P16125|LDHB_MOUSE,,
SINPDEAVAYGAAVQAAILMGDK,37.36,2303.1467,23,2.3,768.7246,60.85,1.61E+04,1,22417,20200314_Lum1_OBJ0039764_03_NEO223_desalt_500fmol.raw,2,2,sp|P16627|HS71L_MOUSE,,
IINEPTAAAIAYGLDK,36.78,1658.8879,16,3.2,830.4539,42.86,4.67E+03,1,15717,20200314_Lum1_OBJ0039764_03_NEO223_desalt_500fmol.raw,1,1,sp|P16627|HS71L_MOUSE:sp|P20029|BIP_MOUSE,,
AAVPSGASTGIYEALELR,51.38,1803.9366,18,2.6,902.9779,46.88,4.61E+04,1,17203,20200314_Lum1_OBJ0039764_03_NEO223_desalt_500fmol.raw,1,1,sp|P17182|ENOA_MOUSE:sp|P21550|ENOB_MOUSE:sp|P17183|ENOG_MOUSE,,
LLQDSVDFSLADAINTEFK,45.27,2125.0579,19,4.5,1063.541,59.75,1.63E+04,1,22006,20200314_Lum1_OBJ0039764_03_NEO223_desalt_500fmol.raw,1,1,sp|P20152|VIME_MOUSE,,
ESEIIDFFLGASLK,36.2,1567.8134,14,4.8,784.9177,65.79,2.14E+04,1,24268,20200314_Lum1_OBJ0039764_03_NEO223_desalt_500fmol.raw,1,1,sp|P25444|RS2_MOUSE,,
LFIGGLSFETTDESLR,42.12,1783.8992,16,3.4,892.9599,52.58,4.63E+04,1,19331,20200314_Lum1_OBJ0039764_03_NEO223_desalt_500fmol.raw,1,1,sp|P49312|ROA1_MOUSE,,
SHFEQWGTLTDC(+57.02)VVMR,38.59,1964.8873,16,1.9,655.9709,41.32,2.20E+04,1,15141,20200314_Lum1_OBJ0039764_03_NEO223_desalt_500fmol.raw,1,1,sp|P49312|ROA1_MOUSE,Carbamidomethylation,C12:Carbamidomethylation:1000.00
GFGFVTYATVEEVDAAMNAR,37.38,2146.9993,20,3.9,1074.5111,59.5,1.90E+04,1,21911,20200314_Lum1_OBJ0039764_03_NEO223_desalt_500fmol.raw,1,1,sp|P49312|ROA1_MOUSE,,
SLVEASSSGVSVLSLCEKG,43.86,1850.9294,19,3.3,926.475,42.9,1.33E+04,1,15732,20200314_Lum1_OBJ0039764_03_NEO223_desalt_500fmol.raw,1,1,sp|P50580|PA2G4_MOUSE,,
ILSISADIETIGEILK,37.24,1713.9763,16,4.2,857.999,67.15,3.80E+04,1,24782,20200314_Lum1_OBJ0039764_03_NEO223_desalt_500fmol.raw,1,1,sp|P61979|HNRPK_MOUSE,,
YDC(+57.02)GEEILITVLSAMTEEAAVAIK,51.23,2625.2917,24,3.4,876.1075,89.16,1.22E+05,1,33049,20200314_Lum1_OBJ0039764_03_NEO223_desalt_500fmol.raw,1,1,sp|P63242|IF5A1_MOUSE,Carbamidomethylation,C3:Carbamidomethylation:1000.00
NDFQLIGIQDGYLSLLQDSGEVR,34.74,2579.2866,23,5.2,1290.6573,64.43,0.00E+00,1,23763,20200314_Lum1_OBJ0039764_03_NEO223_desalt_500fmol.raw,1,1,sp|P63242|IF5A1_MOUSE,,
LC(+57.02)YVALDFEQEMATAASSSSLEK,54.47,2549.1665,23,2.4,1275.5936,57.32,0.00E+00,1,21103,20200314_Lum1_OBJ0039764_03_NEO223_desalt_500fmol.raw,2,2,sp|P63260|ACTG_MOUSE:sp|P60710|ACTB_MOUSE,Carbamidomethylation,C2:Carbamidomethylation:1000.00
DLYANTVLSGGTTMYPGIADR,47.19,2214.0627,21,2.8,1108.0417,49.34,3.18E+04,1,18129,20200314_Lum1_OBJ0039764_03_NEO223_desalt_500fmol.raw,1,1,sp|P63260|ACTG_MOUSE:sp|P60710|ACTB_MOUSE,,
VAPEEHPVLLTEAPLNPK,38.05,1953.057,18,2.2,652.0277,36.18,0.00E+00,1,13231,20200314_Lum1_OBJ0039764_03_NEO223_desalt_500fmol.raw,1,1,sp|P63260|ACTG_MOUSE:sp|P60710|ACTB_MOUSE,,
SYELPDGQVITIGNER,42.14,1789.8846,16,3.3,895.9526,43.27,2.59E+04,1,15872,20200314_Lum1_OBJ0039764_03_NEO223_desalt_500fmol.raw,1,1,sp|P63260|ACTG_MOUSE:sp|P60710|ACTB_MOUSE:sp|P63268|ACTH_MOUSE:sp|P68134|ACTS_MOUSE:sp|P68033|ACTC_MOUSE:sp|P62737|ACTA_MOUSE,,
AVFPSIVGRPR,39.04,1197.6981,11,0.9,400.2404,30.89,8.92E+04,1,11279,20200314_Lum1_OBJ0039764_03_NEO223_desalt_500fmol.raw,1,1,sp|P63260|ACTG_MOUSE:sp|P60710|ACTB_MOUSE:sp|P63268|ACTH_MOUSE:sp|P68134|ACTS_MOUSE:sp|P68033|ACTC_MOUSE:sp|P62737|ACTA_MOUSE,,
HQGVMVGMGQK,34.71,1170.5638,11,2.5,391.1962,20.29,1.04E+03,1,7393,20200314_Lum1_OBJ0039764_03_NEO223_desalt_500fmol.raw,1,1,sp|P63260|ACTG_MOUSE:sp|P60710|ACTB_MOUSE:sp|P63268|ACTH_MOUSE:sp|P68134|ACTS_MOUSE:sp|P68033|ACTC_MOUSE:sp|P62737|ACTA_MOUSE,,
DSYVGDEAQSKR,33.67,1353.616,12,3.6,677.8177,17.6,1.80E+04,1,6421,20200314_Lum1_OBJ0039764_03_NEO223_desalt_500fmol.raw,1,1,sp|P63260|ACTG_MOUSE:sp|P60710|ACTB_MOUSE:sp|P63268|ACTH_MOUSE:sp|P68134|ACTS_MOUSE:sp|P68033|ACTC_MOUSE:sp|P62737|ACTA_MOUSE,,
FAGDDAPR,31.67,847.3824,8,3,424.6997,18.56,7.45E+03,1,6753,20200314_Lum1_OBJ0039764_03_NEO223_desalt_500fmol.raw,1,1,sp|P63260|ACTG_MOUSE:sp|P60710|ACTB_MOUSE:sp|P63268|ACTH_MOUSE:sp|P68134|ACTS_MOUSE:sp|P68033|ACTC_MOUSE:sp|P62737|ACTA_MOUSE,,
DSYVGDEAQSK,27.66,1197.5149,11,4,599.7671,20.12,8.34E+03,1,7330,20200314_Lum1_OBJ0039764_03_NEO223_desalt_500fmol.raw,1,1,sp|P63260|ACTG_MOUSE:sp|P60710|ACTB_MOUSE:sp|P63268|ACTH_MOUSE:sp|P68134|ACTS_MOUSE:sp|P68033|ACTC_MOUSE:sp|P62737|ACTA_MOUSE,,
M(+15.99)QKEITALAPSTM(+15.99)K,27.1,1579.7949,14,2.3,527.6068,23.91,1.19E+04,1,8721,20200314_Lum1_OBJ0039764_03_NEO223_desalt_500fmol.raw,1,1,sp|P63260|ACTG_MOUSE:sp|P60710|ACTB_MOUSE:sp|P63268|ACTH_MOUSE:sp|P68134|ACTS_MOUSE:sp|P68033|ACTC_MOUSE:sp|P62737|ACTA_MOUSE,Oxidation (M),M1:Oxidation (M):1000.00;M13:Oxidation (M):1000.00
LC(+57.02)YVALDFENEM(+15.99)ATAASSSSLEK,31.87,2551.1458,23,10.9,1276.5941,57.4,0.00E+00,1,21126,20200314_Lum1_OBJ0039764_03_NEO223_desalt_500fmol.raw,1,1,sp|P63268|ACTH_MOUSE:sp|P68134|ACTS_MOUSE:sp|P68033|ACTC_MOUSE:sp|P62737|ACTA_MOUSE,Carbamidomethylation; Oxidation (M),C2:Carbamidomethylation:1000.00;M12:Oxidation (M):1000.00
AYHEQLTVAEITNAC(+57.02)FEPANQMVK,34.4,2763.2996,24,2.6,922.1096,44.1,1.22E+04,1,16180,20200314_Lum1_OBJ0039764_03_NEO223_desalt_500fmol.raw,1,1,sp|P68373|TBA1C_MOUSE,Carbamidomethylation,C15:Carbamidomethylation:1000.00
FDGALNVDLTEFQTNLVPYPR,54.13,2408.2012,21,3.4,1205.1119,60.33,3.33E+04,1,22223,20200314_Lum1_OBJ0039764_03_NEO223_desalt_500fmol.raw,3,3,sp|P68373|TBA1C_MOUSE:sp|P05213|TBA1B_MOUSE,,
AVFVDLEPTVIDEVR,39.05,1700.8984,15,2.1,851.4583,52.48,4.65E+04,1,19292,20200314_Lum1_OBJ0039764_03_NEO223_desalt_500fmol.raw,1,1,sp|P68373|TBA1C_MOUSE:sp|P05213|TBA1B_MOUSE,,
AFVHWYVGEGMEEGEFSEAR,33.29,2329.011,20,2.9,777.3466,43.98,1.65E+04,1,16134,20200314_Lum1_OBJ0039764_03_NEO223_desalt_500fmol.raw,1,1,sp|P68373|TBA1C_MOUSE:sp|P05213|TBA1B_MOUSE,,
LISQIVSSITASLR,28.96,1486.8718,14,4.2,744.4463,58.89,8.62E+04,1,21681,20200314_Lum1_OBJ0039764_03_NEO223_desalt_500fmol.raw,1,1,sp|P68373|TBA1C_MOUSE:sp|P05213|TBA1B_MOUSE,,
M(+15.99)LPTIIADNAGYDSADLVAQLR,26.6,2362.1838,22,3.5,788.4047,54.66,6.38E+03,1,20109,20200314_Lum1_OBJ0039764_03_NEO223_desalt_500fmol.raw,1,1,sp|P80314|TCPB_MOUSE,Oxidation (M),M1:Oxidation (M):1000.00
AQLGVQAFADALLIIPK,34.19,1767.0294,17,4.9,884.5263,67.41,2.57E+04,1,24878,20200314_Lum1_OBJ0039764_03_NEO223_desalt_500fmol.raw,1,1,sp|P80317|TCPZ_MOUSE,,
VFEVSLADLQNDEVAFR,35.16,1950.9686,17,3.6,976.4951,54.95,1.37E+04,1,20217,20200314_Lum1_OBJ0039764_03_NEO223_desalt_500fmol.raw,1,1,sp|P97351|RS3A_MOUSE,,
MAVTFIGNSTAIQELFK,44.31,1868.9706,17,3.3,935.4956,59.73,0.00E+00,1,21996,20200314_Lum1_OBJ0039764_03_NEO223_desalt_500fmol.raw,1,1,sp|P99024|TBB5_MOUSE,,
LAPYFISEPL,32.28,1148.6117,10,0.8,575.3136,59.01,2.62E+07,1,21727,20200314_Lum1_OBJ0039764_03_NEO223_desalt_500fmol.raw,2,2,sp|Q32MD9|CDON_MOUSE,,
PYFISEPL,27.62,964.4905,8,1.4,483.2532,58.32,1.38E+05,1,21471,20200314_Lum1_OBJ0039764_03_NEO223_desalt_500fmol.raw,2,2,sp|Q32MD9|CDON_MOUSE,,
LGC(+57.02)EVLGVSVDSQFTHLAWINTPR,29.35,2698.3538,24,2.3,900.4606,55.81,1.37E+04,1,20541,20200314_Lum1_OBJ0039764_03_NEO223_desalt_500fmol.raw,1,1,sp|Q61171|PRDX2_MOUSE,Carbamidomethylation,C3:Carbamidomethylation:1000.00
DELFALEQSC(+57.02)AQVVLQAANER,27.48,2390.1536,21,3.6,797.728,57.94,1.85E+04,1,21328,20200314_Lum1_OBJ0039764_03_NEO223_desalt_500fmol.raw,1,1,sp|Q61553|FSCN1_MOUSE,Carbamidomethylation,C10:Carbamidomethylation:1000.00
VDSIHALL,33.8,866.4861,8,1.6,434.251,36.57,1.65E+05,1,13369,20200314_Lum1_OBJ0039764_03_NEO223_desalt_500fmol.raw,1,1,sp|Q69ZK0|PREX1_MOUSE,,
KIHENLEEM,28.28,1141.5437,9,1.5,381.5224,22.74,2.16E+04,1,8284,20200314_Lum1_OBJ0039764_03_NEO223_desalt_500fmol.raw,1,1,sp|Q6RT24|CENPE_MOUSE,,
TFSHLTKL,26.79,945.5283,8,2.4,316.1841,25.06,1.85E+04,1,9139,20200314_Lum1_OBJ0039764_03_NEO223_desalt_500fmol.raw,1,1,sp|Q8BLU0|FLRT2_MOUSE:NEO_Flrt2,,
VTIAQGGVLPNIQAVLLPK,43.02,1930.1615,19,2.9,966.0908,58.75,2.96E+04,1,21631,20200314_Lum1_OBJ0039764_03_NEO223_desalt_500fmol.raw,1,1,sp|Q8CGP6|H2A1H_MOUSE:tr|Q8CGP4|Q8CGP4_MOUSE:sp|Q8R1M2|H2AJ_MOUSE:sp|Q64523|H2A2C_MOUSE:sp|Q6GSS7|H2A2A_MOUSE:sp|Q8BFU2|H2A3_MOUSE:sp|C0HKE9|H2A1P_MOUSE:sp|Q8CGP5|H2A1F_MOUSE:sp|C0HKE7|H2A1N_MOUSE:sp|C0HKE3|H2A1D_MOUSE:sp|Q8CGP7|H2A1K_MOUSE:sp|C0HKE2|H2A1C_MOUSE:sp|C0HKE5|H2A1G_MOUSE:sp|Q64522|H2A2B_MOUSE:sp|C0HKE6|H2A1I_MOUSE:sp|C0HKE4|H2A1E_MOUSE:sp|C0HKE1|H2A1B_MOUSE:sp|C0HKE8|H2A1O_MOUSE:sp|P27661|H2AX_MOUSE,,
LSASSLTMESFAFLWAGGR,45.71,2029.9932,19,4.3,1016.0082,66.67,9.18E+03,1,24602,20200314_Lum1_OBJ0039764_03_NEO223_desalt_500fmol.raw,1,1,sp|Q8VEK3|HNRPU_MOUSE,,
GNFTLPEVAEC(+57.02)FDEITYVELQK,32.31,2601.2307,22,5,868.0885,66.24,2.92E+04,1,24439,20200314_Lum1_OBJ0039764_03_NEO223_desalt_500fmol.raw,1,1,sp|Q8VEK3|HNRPU_MOUSE,Carbamidomethylation,C11:Carbamidomethylation:1000.00
IEAELQDIC(+57.02)NDVLELLDK,42.23,2129.0562,18,4.1,1065.5397,71.17,1.60E+04,1,26287,20200314_Lum1_OBJ0039764_03_NEO223_desalt_500fmol.raw,1,1,sp|Q9CQV8|1433B_MOUSE,Carbamidomethylation,C9:Carbamidomethylation:1000.00
LGDLRLAL,27.39,869.5334,8,2.4,435.775,42.82,5.40E+03,1,15705,20200314_Lum1_OBJ0039764_03_NEO223_desalt_500fmol.raw,1,1,sp|Q9R117|TYK2_MOUSE,,
IFDYNYNGL,29.53,1117.5081,9,1.9,559.7624,46.57,1.59E+05,1,17088,20200314_Lum1_OBJ0039764_03_NEO223_desalt_500fmol.raw,1,1,sp|Q9R1E6|ENPP2_MOUSE,,
MIAGQVLDINLAAEPK,34.51,1681.9072,16,3.2,841.9636,47.66,2.10E+03,1,17496,20200314_Lum1_OBJ0039764_03_NEO223_desalt_500fmol.raw,1,1,sp|Q9Z204|HNRPC_MOUSE,,
VIHDNFGIVEGLMTTVH,27.26,1880.9454,17,2.8,627.9908,50.45,9.68E+03,1,18544,20200314_Lum1_OBJ0039764_03_NEO223_desalt_500fmol.raw,1,1,tr|A0A1D5RLD8|A0A1D5RLD8_MOUSE:sp|P16858|G3P_MOUSE:tr|S4R1W1|S4R1W1_MOUSE,,
VNPC(+57.02)IGGVILFHETLYQK,45.87,2087.0874,18,2.8,696.705,46.78,2.31E+04,1,17166,20200314_Lum1_OBJ0039764_03_NEO223_desalt_500fmol.raw,1,1,tr|A6ZI47|A6ZI47_MOUSE:sp|P05064|ALDOA_MOUSE,Carbamidomethylation,C4:Carbamidomethylation:1000.00
DGMDNQGGYGSVGR,47.16,1411.5786,14,1.4,706.7975,24.23,5.89E+03,1,8840,20200314_Lum1_OBJ0039764_03_NEO223_desalt_500fmol.raw,1,1,tr|D3Z3N4|D3Z3N4_MOUSE,,
KFSMPGF,28.12,812.389,7,2.2,407.2027,38.39,6.05E+04,1,14038,20200314_Lum1_OBJ0039764_03_NEO223_desalt_500fmol.raw,1,1,tr|E9Q616|E9Q616_MOUSE,,
MTYLHNLEM,43.29,1150.5151,9,1.4,1151.524,37.14,1.55E+08,1,13581,20200314_Lum1_OBJ0039764_03_NEO223_desalt_500fmol.raw,6,6,tr|F8VPX6|F8VPX6_MOUSE,,
M(+15.99)TYLHNLEM,38.33,1166.51,9,1.7,1167.5193,33.7,4.37E+06,1,12319,20200314_Lum1_OBJ0039764_03_NEO223_desalt_500fmol.raw,4,4,tr|F8VPX6|F8VPX6_MOUSE,Oxidation (M),M1:Oxidation (M):78.75
MTYLHNLEM(+15.99),37.06,1166.51,9,1.8,584.2633,30.04,1.48E+06,1,10968,20200314_Lum1_OBJ0039764_03_NEO223_desalt_500fmol.raw,4,4,tr|F8VPX6|F8VPX6_MOUSE,Oxidation (M),M9:Oxidation (M):154.74
MTYLHNLEME,34.39,1279.5577,10,1.8,640.7873,38.02,1.52E+05,1,13897,20200314_Lum1_OBJ0039764_03_NEO223_desalt_500fmol.raw,1,1,tr|F8VPX6|F8VPX6_MOUSE,,
LSFAQRTLYM,47.24,1228.6274,10,2.6,615.3226,40.64,1.21E+08,1,14886,20200314_Lum1_OBJ0039764_03_NEO223_desalt_500fmol.raw,8,8,tr|H3BLB0|H3BLB0_MOUSE:tr|Q8R1N3|Q8R1N3_MOUSE:tr|B1ASD8|B1ASD8_MOUSE:tr|E9Q4Q0|E9Q4Q0_MOUSE:tr|J3KMS0|J3KMS0_MOUSE:tr|A2A7A2|A2A7A2_MOUSE,,
LSFAQRTLYM(+15.99),44.75,1244.6223,10,2.6,623.3201,33.93,1.39E+07,1,12408,20200314_Lum1_OBJ0039764_03_NEO223_desalt_500fmol.raw,8,8,tr|H3BLB0|H3BLB0_MOUSE:tr|Q8R1N3|Q8R1N3_MOUSE:tr|B1ASD8|B1ASD8_MOUSE:tr|E9Q4Q0|E9Q4Q0_MOUSE:tr|J3KMS0|J3KMS0_MOUSE:tr|A2A7A2|A2A7A2_MOUSE,Oxidation (M),M10:Oxidation (M):1000.00
SFAQRTLYM,37.64,1115.5433,9,1.3,558.7797,32.39,2.99E+04,1,11833,20200314_Lum1_OBJ0039764_03_NEO223_desalt_500fmol.raw,1,1,tr|H3BLB0|H3BLB0_MOUSE:tr|Q8R1N3|Q8R1N3_MOUSE:tr|B1ASD8|B1ASD8_MOUSE:tr|E9Q4Q0|E9Q4Q0_MOUSE:tr|J3KMS0|J3KMS0_MOUSE:tr|A2A7A2|A2A7A2_MOUSE,,
FAQRTLYM,34.21,1028.5114,8,2.6,515.2643,30.18,5.85E+03,1,11023,20200314_Lum1_OBJ0039764_03_NEO223_desalt_500fmol.raw,1,1,tr|H3BLB0|H3BLB0_MOUSE:tr|Q8R1N3|Q8R1N3_MOUSE:tr|B1ASD8|B1ASD8_MOUSE:tr|E9Q4Q0|E9Q4Q0_MOUSE:tr|J3KMS0|J3KMS0_MOUSE:tr|A2A7A2|A2A7A2_MOUSE,,
LSFAQRTL,29.64,934.5236,8,1.9,468.2699,31.12,4.17E+03,1,11363,20200314_Lum1_OBJ0039764_03_NEO223_desalt_500fmol.raw,1,1,tr|H3BLB0|H3BLB0_MOUSE:tr|Q8R1N3|Q8R1N3_MOUSE:tr|B1ASD8|B1ASD8_MOUSE:tr|E9Q4Q0|E9Q4Q0_MOUSE:tr|J3KMS0|J3KMS0_MOUSE:tr|A2A7A2|A2A7A2_MOUSE,,
LSFAQR,28.89,720.3918,6,1.4,361.2037,22.56,1.21E+06,1,8219,20200314_Lum1_OBJ0039764_03_NEO223_desalt_500fmol.raw,2,2,tr|H3BLB0|H3BLB0_MOUSE:tr|Q8R1N3|Q8R1N3_MOUSE:tr|B1ASD8|B1ASD8_MOUSE:tr|E9Q4Q0|E9Q4Q0_MOUSE:tr|J3KMS0|J3KMS0_MOUSE:tr|A2A7A2|A2A7A2_MOUSE,,
SNHVLHL,26.12,818.4399,7,2.4,410.2282,21.39,7.80E+03,1,7786,20200314_Lum1_OBJ0039764_03_NEO223_desalt_500fmol.raw,1,1,tr|Q8BIB6|Q8BIB6_MOUSE,,
EYEATLEEC(+57.02)C(+57.02)AK,38.72,1501.6064,12,1.8,751.8118,25.73,1.26E+05,1,9388,20200314_Lum1_OBJ0039764_03_NEO223_desalt_500fmol.raw,1,1,,Carbamidomethylation,C9:Carbamidomethylation:1000.00;C10:Carbamidomethylation:1000.00
HLVDEPQNLIK,37.7,1304.7089,11,3.4,653.364,29.65,1.96E+04,1,10823,20200314_Lum1_OBJ0039764_03_NEO223_desalt_500fmol.raw,1,1,,,
LVNELTEFAK,37.65,1162.6233,10,2.3,582.3203,36.92,4.01E+04,1,13495,20200314_Lum1_OBJ0039764_03_NEO223_desalt_500fmol.raw,1,1,,,
YIC(+57.02)DNQDTISSK,36.22,1442.6348,12,2.4,722.3264,23.4,1.42E+04,1,8528,20200314_Lum1_OBJ0039764_03_NEO223_desalt_500fmol.raw,1,1,,Carbamidomethylation,C3:Carbamidomethylation:1000.00
FSALTPDETYVPK,31.65,1466.7292,13,2.2,734.3735,36.54,3.77E+04,1,13355,20200314_Lum1_OBJ0039764_03_NEO223_desalt_500fmol.raw,1,1,,,
KVPQVSTPTLVEVSR,31.6,1638.9304,15,0.5,547.3177,32.34,9.69E+03,1,11813,20200314_Lum1_OBJ0039764_03_NEO223_desalt_500fmol.raw,1,1,,,
FKDLGEEHFK,30.6,1248.6138,10,1.8,417.2126,23.21,6.30E+03,1,8458,20200314_Lum1_OBJ0039764_03_NEO223_desalt_500fmol.raw,1,1,,,
EC(+57.02)C(+57.02)HGDLLEC(+57.02)ADDR,29.38,1748.6553,14,3.4,583.8943,25.53,1.16E+04,1,9314,20200314_Lum1_OBJ0039764_03_NEO223_desalt_500fmol.raw,1,1,,Carbamidomethylation,C2:Carbamidomethylation:1000.00;C3:Carbamidomethylation:1000.00;C10:Carbamidomethylation:1000.00
AEFVEVTK,28.76,921.4807,8,2.9,461.749,25.94,2.05E+04,1,9467,20200314_Lum1_OBJ0039764_03_NEO223_desalt_500fmol.raw,1,1,,,
YVERSPI,28.74,862.4548,7,2.2,432.2356,24.32,4.46E+03,1,8873,20200314_Lum1_OBJ0039764_03_NEO223_desalt_500fmol.raw,1,1,,,
DLGEEHFK,28.11,973.4504,8,1.9,487.7334,22.09,2.80E+04,1,8047,20200314_Lum1_OBJ0039764_03_NEO223_desalt_500fmol.raw,1,1,,,
LAKEMAL,26.79,774.4309,7,1.6,775.4394,35.92,6.87E+05,1,13140,20200314_Lum1_OBJ0039764_03_NEO223_desalt_500fmol.raw,1,1,,,
YLYEIAR,26.31,926.4861,7,2.9,464.2517,29.34,1.73E+04,1,10706,20200314_Lum1_OBJ0039764_03_NEO223_desalt_500fmol.raw,1,1,,,